[{"model": "phonebookapp.person", "pk": 47, "fields": {"name": "Wera", "surname": "Walczak"}}, {"model": "phonebookapp.person", "pk": 48, "fields": {"name": "Jan", "surname": "Kowalski"}}, {"model": "phonebookapp.person", "pk": 49, "fields": {"name": "Anastazy", "surname": "Czerwi\u0144ski"}}, {"model": "phonebookapp.person", "pk": 50, "fields": {"name": "Lucjusz", "surname": "Rutkowski"}}, {"model": "phonebookapp.person", "pk": 51, "fields": {"name": "Lucyna", "surname": "Wojciechowska"}}, {"model": "phonebookapp.person", "pk": 52, "fields": {"name": "Krzysztof", "surname": "Chmielewski"}}, {"model": "phonebookapp.person", "pk": 53, "fields": {"name": "Dawid", "surname": "Jab\u0142o\u0144ski"}}, {"model": "phonebookapp.person", "pk": 54, "fields": {"name": "Joanna", "surname": "Kr\u00f3l"}}, {"model": "phonebookapp.person", "pk": 55, "fields": {"name": "Lucjusz", "surname": "Soko\u0142owski"}}, {"model": "phonebookapp.person", "pk": 56, "fields": {"name": "Kamil", "surname": "Szczur"}}, {"model": "phonebookapp.person", "pk": 57, "fields": {"name": "Andrzej", "surname": "Kowalczyk"}}, {"model": "phonebookapp.person", "pk": 58, "fields": {"name": "Agnieszka", "surname": "Soko\u0142owska"}}, {"model": "phonebookapp.person", "pk": 59, "fields": {"name": "Albert", "surname": "Cz\u00f3\u0142ko"}}, {"model": "phonebookapp.person", "pk": 60, "fields": {"name": "Agnieszka", "surname": "Cz\u00f3\u0142ko"}}, {"model": "phonebookapp.person", "pk": 61, "fields": {"name": "Miko\u0142aj", "surname": "Kopczyk"}}, {"model": "phonebookapp.person", "pk": 62, "fields": {"name": "Grzegorz", "surname": "Waszczyk"}}, {"model": "phonebookapp.person", "pk": 63, "fields": {"name": "Romuald", "surname": "Waszczyk"}}, {"model": "phonebookapp.person", "pk": 64, "fields": {"name": "Eliza", "surname": "Dobra"}}, {"model": "phonebookapp.person", "pk": 65, "fields": {"name": "Anna", "surname": "Stakowska"}}, {"model": "phonebookapp.person", "pk": 66, "fields": {"name": "Bo\u017cena", "surname": "Czmyk"}}, {"model": "phonebookapp.phone", "pk": 32, "fields": {"person": 52, "phone": "725281144"}}, {"model": "phonebookapp.phone", "pk": 33, "fields": {"person": 49, "phone": "511945781"}}, {"model": "phonebookapp.phone", "pk": 34, "fields": {"person": 52, "phone": "512950921"}}, {"model": "phonebookapp.phone", "pk": 35, "fields": {"person": 59, "phone": "607664460"}}, {"model": "phonebookapp.phone", "pk": 36, "fields": {"person": 60, "phone": "874665562"}}, {"model": "phonebookapp.phone", "pk": 37, "fields": {"person": 64, "phone": "015614050"}}, {"model": "phonebookapp.phone", "pk": 38, "fields": {"person": 65, "phone": "535024156"}}, {"model": "phonebookapp.phone", "pk": 39, "fields": {"person": 62, "phone": "778657876"}}, {"model": "phonebookapp.phone", "pk": 40, "fields": {"person": 63, "phone": "565787324"}}, {"model": "phonebookapp.phone", "pk": 41, "fields": {"person": 56, "phone": "678452787"}}, {"model": "phonebookapp.phone", "pk": 42, "fields": {"person": 58, "phone": "575894567"}}, {"model": "phonebookapp.phone", "pk": 43, "fields": {"person": 55, "phone": "575993552"}}, {"model": "phonebookapp.email", "pk": 23, "fields": {"person": 52, "email": "krzysiek@chmielewski.pl"}}, {"model": "phonebookapp.email", "pk": 24, "fields": {"person": 52, "email": "praca@chmielewski.pl"}}, {"model": "phonebookapp.email", "pk": 25, "fields": {"person": 49, "email": "anastazy@gmail.com"}}, {"model": "phonebookapp.email", "pk": 26, "fields": {"person": 59, "email": "aczolko@wp.pl"}}, {"model": "phonebookapp.email", "pk": 27, "fields": {"person": 60, "email": "agczolko@wp.pl"}}, {"model": "phonebookapp.email", "pk": 28, "fields": {"person": 64, "email": "eliza@gmail.com"}}, {"model": "phonebookapp.email", "pk": 29, "fields": {"person": 62, "email": "grzegorz@waszczykowie.pl"}}, {"model": "phonebookapp.email", "pk": 30, "fields": {"person": 63, "email": "romuald@waszczykowie.pl"}}, {"model": "phonebookapp.email", "pk": 31, "fields": {"person": 62, "email": "rodzina@waszczykowie.pl"}}, {"model": "phonebookapp.email", "pk": 32, "fields": {"person": 63, "email": "rodzina@waszczykowie.pl"}}, {"model": "phonebookapp.email", "pk": 33, "fields": {"person": 58, "email": "hej@sokolowska.pl"}}, {"model": "phonebookapp.email", "pk": 34, "fields": {"person": 55, "email": "lucek@sokolowski.pl"}}]